{"schemaVersion":"1.0","appDefinitionTemplate":{"id":"/providers/Microsoft.PowerApps/apps/","type":"Microsoft.PowerApps/apps","tags":{"minimumRequiredApiVersion":"2.2.0"},"properties":{"appVersion":"2018-08-07T13:57:10Z","lifeCycleId":"Published","createdByClientVersion":{"major":3,"minor":18074,"build":20,"revision":0,"majorRevision":0,"minorRevision":0},"minClientVersion":{"major":3,"minor":18074,"build":20,"revision":0,"majorRevision":0,"minorRevision":0},"backgroundColor":"rgba(0, 176, 240, 1)","backgroundImageUri":"/9572370376938399214/Nf2c8412a-4490-484a-a0f3-4a396bfe6ae9-logoSmallFile","displayName":"Fleet Tracker","description":"Simple PowerApp that demonstrates how to visualize IoT data.","appUris":{"documentUri":{"value":"/9572370376938399214/N340a3977-0aee-4a3c-ad1b-d9eb2280083d-document.msapp","readonlyValue":"/9572370376938399214/N340a3977-0aee-4a3c-ad1b-d9eb2280083d-document.msapp"},"imageUris":[]},"createdTime":"0001-01-01T00:00:00Z","lastModifiedTime":"0001-01-01T00:00:00Z","sharedGroupsCount":0,"sharedUsersCount":0,"icons":{"smallIconUri":"/9572370376938399214/Nd0abfe03-5618-4b90-a7a0-59e77063ceab-small.png","mediumIconUri":"/9572370376938399214/Ne7fcb419-9683-49cb-b8ef-0dbc7f79189d-medium.png","largeIconUri":"/9572370376938399214/N20b3e94a-4a80-420c-a5cb-244c7352b236-large.png","wideIconUri":"/9572370376938399214/Nadb83249-b013-4cf6-a861-680dcf05a7de-wide.png"},"connectionReferences":{"d6f7e86d-fae9-42e0-a9f4-9af73d98483e":{"id":"f9840828-8dfe-432c-94c4-35278956acce","displayName":"PowerAppsTableStorageSettings","iconUri":"https://prodapiicons.cdn.powerappscdn.net/20180803t000000za97dfc71639b48faad77fb0cb7b4cb4f/customconnectoricon.customconnectoricon","dataSources":["PowerAppsTableStorageSettings"],"dependencies":[],"dependents":[],"parameterHints":{},"isOnPremiseConnection":false,"bypassConsent":false,"dataSets":{},"apiTier":"Standard"},"60283fca-7330-40ad-ace1-a2a8f3512168":{"id":"945f837e-5a86-4019-814b-c6282f813dd5","displayName":"Office 365 Users","iconUri":"https://connectoricons-prod.azureedge.net/office365users/icon_1.0.1002.1175.png","dataSources":["Office365Users"],"dependencies":[],"dependents":[],"parameterHints":{},"isOnPremiseConnection":false,"bypassConsent":false,"dataSets":{},"apiTier":"Standard"}}}}}