{"schemaVersion":"1.0","appDefinitionTemplate":{"id":"/providers/Microsoft.PowerApps/apps/","type":"Microsoft.PowerApps/apps","tags":{"minimumRequiredApiVersion":"2.2.0"},"properties":{"appVersion":"2018-08-03T14:47:15Z","lifeCycleId":"Published","createdByClientVersion":{"major":3,"minor":18074,"build":16,"revision":0,"majorRevision":0,"minorRevision":0},"minClientVersion":{"major":3,"minor":18074,"build":16,"revision":0,"majorRevision":0,"minorRevision":0},"backgroundColor":"rgba(0, 176, 240, 1)","backgroundImageUri":"/17520190109470540016/N518d8629-5a9f-4d6d-ab42-6a0efda76aca-logoSmallFile","displayName":"Fleet Tracker","description":"Simple PowerApp that demonstrates how to visualize IoT data.","appUris":{"documentUri":{"value":"/17520190109470540016/Na5974244-e364-4d77-9f7d-180081518745-document.msapp","readonlyValue":"/17520190109470540016/Na5974244-e364-4d77-9f7d-180081518745-document.msapp"},"imageUris":[]},"createdTime":"0001-01-01T00:00:00Z","lastModifiedTime":"0001-01-01T00:00:00Z","sharedGroupsCount":0,"sharedUsersCount":0,"icons":{"smallIconUri":"/17520190109470540016/N43bd594b-f5f6-4657-852a-ac03b891ae7f-small.png","mediumIconUri":"/17520190109470540016/Nb844b8a0-11e6-4e22-94e9-16e8322b1a1a-medium.png","largeIconUri":"/17520190109470540016/N92256789-ae72-49d6-b01b-b6959f5aebc9-large.png","wideIconUri":"/17520190109470540016/N5df65f79-b107-43b8-acae-a1e21a51427d-wide.png"},"connectionReferences":{"3b0b30e5-ee23-43b7-b6ea-2c1934db0613":{"id":"c1f3aaee-239f-4721-81da-bad71b5c893d","displayName":"Office 365 Users","iconUri":"https://connectoricons-prod.azureedge.net/office365users/icon_1.0.1002.1175.png","dataSources":["Office365Users"],"dependencies":[],"dependents":[],"parameterHints":{},"isOnPremiseConnection":false,"bypassConsent":false,"dataSets":{},"apiTier":"Standard"},"ed4bbbac-c299-4747-9218-0c62bf47a4e3":{"id":"83087d85-0e7b-4800-b9c4-ece4f752a227","displayName":"Planner","iconUri":"https://connectoricons-prod.azureedge.net/planner/icon_1.0.1046.1227.png","dataSources":["Planner"],"dependencies":[],"dependents":[],"parameterHints":{},"isOnPremiseConnection":false,"bypassConsent":false,"dataSets":{},"apiTier":"Standard"},"a4c55949-f95f-4b5a-8560-3af5b95c4a89":{"id":"fd822c94-8037-483c-be47-f7252270be18","displayName":"Office 365 Outlook","iconUri":"https://connectoricons-prod.azureedge.net/office365/icon_1.0.1008.1183.png","dataSources":["Office365"],"dependencies":[],"dependents":[],"parameterHints":{},"isOnPremiseConnection":false,"bypassConsent":false,"dataSets":{},"apiTier":"Standard"},"cdded547-b4ba-4ba0-9be9-c60f070483f2":{"id":"9c559e72-a3dd-4cc8-a37e-7daf0c2f6766","displayName":"PowerAppsTableStorageSettings","iconUri":"https://prodapiicons.cdn.powerappscdn.net/20180801t000000zd43a0f1ef04d4a2da5ba2ad4b7ac0718/customconnectoricon.png","dataSources":["PowerAppsTableStorageSettings"],"dependencies":[],"dependents":[],"parameterHints":{},"isOnPremiseConnection":false,"bypassConsent":false,"dataSets":{},"apiTier":"Standard"}},"entityReferences":{}}}}